{"initial_reset_timestamp": 1654526063.4706483, "timestamps": [1654526066.9473388], "episode_lengths": [13], "episode_rewards": [9.814624593441074], "episode_types": ["t"]}