{"initial_reset_timestamp": 13667.203051721, "timestamps": [13675.567260413], "episode_lengths": [26], "episode_rewards": [20.021332062080003], "episode_types": ["t"]}